date,entity_id,brand,product_name,category,price_index,demand_index,sentiment_index,search_index,ad_index,event_type,event_title,event_description,impact_direction,signal_story,priority,event_effect_hint
2025-04-01,101,SoundWave,SoundPods X3,earbuds,63.12,39.8,0.58,41.2,3.9,ad_campaign,Flash Sale Boost,Discount campaign on earbuds,positive,Spike in search and ad impressions driving demand,high,ad_boost
2025-04-01,201,NovaTech,NovaPhone S22,smartphones,462.8,36.4,0.52,47.1,5.3,organic,No active event,Stable organic demand,neutral,Consistent demand with mild sentiment dip,medium,organic_continuation
2025-04-01,301,FitTech,FitPulse Watch,smartwatches,135.7,28.1,0.61,44.3,4.1,review_spike,Positive Reviews Surge,Recent increase in positive reviews,positive,Sentiment uplift slightly improving demand,medium,sentiment_boost
2025-04-01,401,BoomAudio,BoomBox Mini,bluetooth_speakers,182.5,27.9,0.49,40.8,3.5,stock_issue,Low Stock Warning,Inventory shortage reported,negative,Search steady but demand suppressed due to stock,high,stock_drop
2025-04-01,501,PowerTech,PowerMax 20K,power_banks,76.2,24.3,0.54,48.6,2.9,price_drop,Price Discount,Price reduced to increase sales,positive,Search increased slightly due to pricing change,medium,price_effect
2025-04-01,524,SlateTab,SlateMax 11,tablets,789.5,27.2,0.57,43.0,5.9,ad_campaign,Tablet Promo Ads,Heavy ad promotion campaign,positive,Ad-driven visibility improving demand gradually,high,ad_boost
2025-04-01,601,ClearAudio,ClearSound H7,headphones,242.7,38.2,0.62,48.1,5.8,organic,No active event,Stable mid-month headphone demand,neutral,Organic continuation with steady audio category interest,low,organic_continuation
2025-04-02,101,SoundWave,SoundPods X3,earbuds,63.12,40.3,0.59,41.4,3.9,organic,No active event,Baseline category demand with no major trigger,neutral,Stable organic movement with minor day-to-day variation,low,organic_continuation
2025-04-02,201,NovaTech,NovaPhone S22,smartphones,462.8,37.3,0.52,47.5,5.4,organic,No active event,Baseline category demand with no major trigger,neutral,Stable organic movement with minor day-to-day variation,low,organic_continuation
2025-04-02,301,FitTech,FitPulse Watch,smartwatches,135.7,29.0,0.61,44.9,4.3,organic,No active event,Baseline category demand with no major trigger,neutral,Stable organic movement with minor day-to-day variation,low,organic_continuation
2025-04-02,401,BoomAudio,BoomBox Mini,bluetooth_speakers,184.32,25.3,0.46,42.2,3.2,stock_issue,Portable Speaker Low Stock,Distribution gap limits near-term inventory,negative,Search holds but sell-through weakens,high,stock_drop
2025-04-02,501,PowerTech,PowerMax 20K,power_banks,76.2,24.1,0.53,49.5,2.9,organic,No active event,Baseline category demand with no major trigger,neutral,Stable organic movement with minor day-to-day variation,low,organic_continuation
2025-04-02,524,SlateTab,SlateMax 11,tablets,789.5,26.4,0.57,43.9,5.4,organic,No active event,Baseline category demand with no major trigger,neutral,Stable organic movement with minor day-to-day variation,low,organic_continuation
2025-04-02,601,ClearAudio,ClearSound H7,headphones,242.7,37.3,0.62,49.1,5.4,organic,No active event,Baseline category demand with no major trigger,neutral,Stable organic movement with minor day-to-day variation,low,organic_continuation
2025-04-03,101,SoundWave,SoundPods X3,earbuds,63.12,42.8,0.59,46.3,6.2,ad_campaign,Summer Audio Flash Sale,3-day paid push around earbuds weekend deal,positive,"Paid ads lift visibility first, then search converts to demand",high,ad_boost
2025-04-03,201,NovaTech,NovaPhone S22,smartphones,462.8,38.1,0.53,48.1,5.5,organic,No active event,Baseline category demand with no major trigger,neutral,Stable organic movement with minor day-to-day variation,low,organic_continuation
2025-04-03,301,FitTech,FitPulse Watch,smartwatches,135.7,29.7,0.61,45.6,4.5,organic,No active event,Baseline category demand with no major trigger,neutral,Stable organic movement with minor day-to-day variation,low,organic_continuation
2025-04-03,401,BoomAudio,BoomBox Mini,bluetooth_speakers,185.21,23.9,0.45,43.0,3.1,organic,No active event,Baseline category demand with no major trigger,neutral,Demand easing as prior momentum cools and baseline normalizes,low,organic_continuation
2025-04-03,501,PowerTech,PowerMax 20K,power_banks,76.2,23.8,0.53,50.2,2.8,organic,No active event,Baseline category demand with no major trigger,neutral,Stable organic movement with minor day-to-day variation,low,organic_continuation
2025-04-03,524,SlateTab,SlateMax 11,tablets,789.5,25.6,0.57,44.6,5.0,organic,No active event,Baseline category demand with no major trigger,neutral,Stable organic movement with minor day-to-day variation,low,organic_continuation
2025-04-03,601,ClearAudio,ClearSound H7,headphones,242.7,36.6,0.63,49.8,5.0,organic,No active event,Baseline category demand with no major trigger,neutral,Stable organic movement with minor day-to-day variation,low,organic_continuation
2025-04-04,101,SoundWave,SoundPods X3,earbuds,63.12,46.5,0.6,49.2,7.5,organic,No active event,Baseline category demand with no major trigger,neutral,Demand improving on carry-over visibility and healthy baseline signals,medium,organic_continuation
2025-04-04,201,NovaTech,NovaPhone S22,smartphones,462.8,38.8,0.53,48.7,5.6,organic,No active event,Baseline category demand with no major trigger,neutral,Stable organic movement with minor day-to-day variation,low,organic_continuation
2025-04-04,301,FitTech,FitPulse Watch,smartwatches,135.7,31.1,0.64,47.7,4.6,review_spike,Fitness Challenge Buzz,Workout challenge users post strong watch feedback,positive,Sentiment and search both improve gradually,medium,sentiment_boost
2025-04-04,401,BoomAudio,BoomBox Mini,bluetooth_speakers,184.89,23.6,0.44,43.6,3.1,organic,No active event,Baseline category demand with no major trigger,neutral,Stable organic movement with minor day-to-day variation,low,organic_continuation
2025-04-04,501,PowerTech,PowerMax 20K,power_banks,76.2,23.7,0.53,50.9,2.7,organic,No active event,Baseline category demand with no major trigger,neutral,Stable organic movement with minor day-to-day variation,low,organic_continuation
2025-04-04,524,SlateTab,SlateMax 11,tablets,789.5,25.1,0.57,45.1,4.6,organic,No active event,Baseline category demand with no major trigger,neutral,Stable organic movement with minor day-to-day variation,low,organic_continuation
2025-04-04,601,ClearAudio,ClearSound H7,headphones,242.7,36.3,0.63,50.3,4.7,organic,No active event,Baseline category demand with no major trigger,neutral,Stable organic movement with minor day-to-day variation,low,organic_continuation
2025-04-05,101,SoundWave,SoundPods X3,earbuds,63.12,49.4,0.6,50.8,8.2,organic,No active event,Baseline category demand with no major trigger,neutral,Demand improving on carry-over visibility and healthy baseline signals,medium,organic_continuation
2025-04-05,201,NovaTech,NovaPhone S22,smartphones,462.8,39.5,0.53,49.9,5.7,organic,No active event,Baseline category demand with no major trigger,neutral,Stable organic movement with minor day-to-day variation,low,organic_continuation
2025-04-05,301,FitTech,FitPulse Watch,smartwatches,135.7,32.9,0.65,49.8,4.7,organic,No active event,Baseline category demand with no major trigger,neutral,Demand improving on carry-over visibility and healthy baseline signals,medium,organic_continuation
2025-04-05,401,BoomAudio,BoomBox Mini,bluetooth_speakers,184.6,24.5,0.44,44.7,3.1,organic,No active event,Baseline category demand with no major trigger,neutral,Stable organic movement with minor day-to-day variation,low,organic_continuation
2025-04-05,501,PowerTech,PowerMax 20K,power_banks,76.2,23.6,0.52,51.9,2.5,organic,No active event,Baseline category demand with no major trigger,neutral,Stable organic movement with minor day-to-day variation,low,organic_continuation
2025-04-05,524,SlateTab,SlateMax 11,tablets,789.5,26.7,0.57,50.5,6.4,ad_campaign,Study & Stream Tablet Push,Ads focus on study plus entertainment use cases,positive,Visibility gains show up in search and later demand,high,ad_boost
2025-04-05,601,ClearAudio,ClearSound H7,headphones,242.7,36.5,0.63,51.1,4.4,organic,No active event,Baseline category demand with no major trigger,neutral,Stable organic movement with minor day-to-day variation,low,organic_continuation
2025-04-06,101,SoundWave,SoundPods X3,earbuds,63.12,50.6,0.6,50.8,8.1,organic,No active event,Baseline category demand with no major trigger,neutral,Demand improving on carry-over visibility and healthy baseline signals,low,organic_continuation
2025-04-06,201,NovaTech,NovaPhone S22,smartphones,462.8,40.0,0.52,51.0,5.8,organic,No active event,Baseline category demand with no major trigger,neutral,Stable organic movement with minor day-to-day variation,low,organic_continuation
2025-04-06,301,FitTech,FitPulse Watch,smartwatches,135.7,34.0,0.65,51.1,4.8,organic,No active event,Baseline category demand with no major trigger,neutral,Stable organic movement with minor day-to-day variation,low,organic_continuation
2025-04-06,401,BoomAudio,BoomBox Mini,bluetooth_speakers,184.35,25.1,0.45,45.5,3.1,organic,No active event,Baseline category demand with no major trigger,neutral,Stable organic movement with minor day-to-day variation,low,organic_continuation
2025-04-06,501,PowerTech,PowerMax 20K,power_banks,72.01,25.8,0.53,55.1,2.6,price_drop,Travel Season Promo,Power bank price trimmed before travel demand week,positive,Search and demand improve on better value,high,price_effect
2025-04-06,524,SlateTab,SlateMax 11,tablets,789.5,29.6,0.58,53.4,7.3,organic,No active event,Baseline category demand with no major trigger,neutral,Demand improving on carry-over visibility and healthy baseline signals,medium,organic_continuation
2025-04-06,601,ClearAudio,ClearSound H7,headphones,242.7,37.0,0.64,51.6,4.3,organic,No active event,Baseline category demand with no major trigger,neutral,Stable organic movement with minor day-to-day variation,low,organic_continuation
2025-04-07,101,SoundWave,SoundPods X3,earbuds,63.12,51.2,0.6,50.3,8.0,organic,No active event,Baseline category demand with no major trigger,neutral,Stable organic movement with minor day-to-day variation,low,organic_continuation
2025-04-07,201,NovaTech,NovaPhone S22,smartphones,462.8,41.1,0.56,52.8,5.9,review_spike,Camera Review Uplift,Strong user reviews on camera quality trend upward,positive,Sentiment strengthens and lifts consideration,medium,sentiment_boost
2025-04-07,301,FitTech,FitPulse Watch,smartwatches,135.7,33.4,0.64,50.9,4.8,organic,No active event,Baseline category demand with no major trigger,neutral,Stable organic movement with minor day-to-day variation,low,organic_continuation
2025-04-07,401,BoomAudio,BoomBox Mini,bluetooth_speakers,184.13,25.1,0.45,45.4,2.9,organic,No active event,Baseline category demand with no major trigger,neutral,Stable organic movement with minor day-to-day variation,low,organic_continuation
2025-04-07,501,PowerTech,PowerMax 20K,power_banks,69.25,27.1,0.53,56.5,2.6,organic,No active event,Baseline category demand with no major trigger,neutral,Demand improving on carry-over visibility and healthy baseline signals,low,organic_continuation
2025-04-07,524,SlateTab,SlateMax 11,tablets,789.5,31.4,0.58,53.7,7.6,organic,No active event,Baseline category demand with no major trigger,neutral,Demand improving on carry-over visibility and healthy baseline signals,medium,organic_continuation
2025-04-07,601,ClearAudio,ClearSound H7,headphones,242.7,37.2,0.64,51.2,4.2,organic,No active event,Baseline category demand with no major trigger,neutral,Stable organic movement with minor day-to-day variation,low,organic_continuation
2025-04-08,101,SoundWave,SoundPods X3,earbuds,63.12,51.4,0.6,49.8,7.9,organic,No active event,Baseline category demand with no major trigger,neutral,Stable organic movement with minor day-to-day variation,low,organic_continuation
2025-04-08,201,NovaTech,NovaPhone S22,smartphones,462.8,42.3,0.57,53.9,5.9,organic,No active event,Baseline category demand with no major trigger,neutral,Demand improving on carry-over visibility and healthy baseline signals,low,organic_continuation
2025-04-08,301,FitTech,FitPulse Watch,smartwatches,135.7,32.7,0.63,50.6,4.8,organic,No active event,Baseline category demand with no major trigger,neutral,Stable organic movement with minor day-to-day variation,low,organic_continuation
2025-04-08,401,BoomAudio,BoomBox Mini,bluetooth_speakers,183.93,25.0,0.45,45.3,2.8,organic,No active event,Baseline category demand with no major trigger,neutral,Stable organic movement with minor day-to-day variation,low,organic_continuation
2025-04-08,501,PowerTech,PowerMax 20K,power_banks,69.0,27.5,0.53,56.6,2.4,organic,No active event,Baseline category demand with no major trigger,neutral,Stable organic movement with minor day-to-day variation,low,organic_continuation
2025-04-08,524,SlateTab,SlateMax 11,tablets,789.5,31.8,0.58,52.3,7.1,organic,No active event,Baseline category demand with no major trigger,neutral,Stable organic movement with minor day-to-day variation,low,organic_continuation
2025-04-08,601,ClearAudio,ClearSound H7,headphones,242.7,39.4,0.64,55.1,6.3,ad_campaign,Immersive Audio Campaign,Ads highlight ANC and commute comfort,positive,Ad burst increases search and assisted demand,medium,ad_boost
2025-04-09,101,SoundWave,SoundPods X3,earbuds,63.12,51.3,0.6,49.3,7.9,organic,No active event,Baseline category demand with no major trigger,neutral,Stable organic movement with minor day-to-day variation,low,organic_continuation
2025-04-09,201,NovaTech,NovaPhone S22,smartphones,462.8,42.8,0.56,54.1,5.9,organic,No active event,Baseline category demand with no major trigger,neutral,Stable organic movement with minor day-to-day variation,low,organic_continuation
2025-04-09,301,FitTech,FitPulse Watch,smartwatches,135.7,31.8,0.62,50.2,4.7,organic,No active event,Baseline category demand with no major trigger,neutral,Stable organic movement with minor day-to-day variation,low,organic_continuation
2025-04-09,401,BoomAudio,BoomBox Mini,bluetooth_speakers,183.76,26.8,0.46,49.4,4.8,ad_campaign,Weekend Party Audio Ads,Campaign promotes compact speaker for gatherings,positive,Ad-driven search lift improves demand with slight lag,medium,ad_boost
2025-04-09,501,PowerTech,PowerMax 20K,power_banks,69.86,26.9,0.53,55.5,2.1,organic,No active event,Baseline category demand with no major trigger,neutral,Stable organic movement with minor day-to-day variation,low,organic_continuation
2025-04-09,524,SlateTab,SlateMax 11,tablets,789.5,32.1,0.58,50.8,6.7,organic,No active event,Baseline category demand with no major trigger,neutral,Stable organic movement with minor day-to-day variation,low,organic_continuation
2025-04-09,601,ClearAudio,ClearSound H7,headphones,242.7,42.5,0.65,56.8,7.6,organic,No active event,Baseline category demand with no major trigger,neutral,Demand improving on carry-over visibility and healthy baseline signals,medium,organic_continuation
2025-04-10,101,SoundWave,SoundPods X3,earbuds,63.12,50.9,0.59,48.8,7.8,organic,No active event,Baseline category demand with no major trigger,neutral,Stable organic movement with minor day-to-day variation,low,organic_continuation
2025-04-10,201,NovaTech,NovaPhone S22,smartphones,462.8,41.9,0.55,53.6,5.9,organic,No active event,Baseline category demand with no major trigger,neutral,Stable organic movement with minor day-to-day variation,low,organic_continuation
2025-04-10,301,FitTech,FitPulse Watch,smartwatches,135.7,31.0,0.61,49.6,4.5,organic,No active event,Baseline category demand with no major trigger,neutral,Stable organic movement with minor day-to-day variation,low,organic_continuation
2025-04-10,401,BoomAudio,BoomBox Mini,bluetooth_speakers,183.61,29.6,0.47,51.2,5.8,organic,No active event,Baseline category demand with no major trigger,neutral,Demand improving on carry-over visibility and healthy baseline signals,medium,organic_continuation
2025-04-10,501,PowerTech,PowerMax 20K,power_banks,70.62,26.4,0.53,54.3,1.9,organic,No active event,Baseline category demand with no major trigger,neutral,Stable organic movement with minor day-to-day variation,low,organic_continuation
2025-04-10,524,SlateTab,SlateMax 11,tablets,789.5,32.3,0.59,49.2,6.4,organic,No active event,Baseline category demand with no major trigger,neutral,Stable organic movement with minor day-to-day variation,low,organic_continuation
2025-04-10,601,ClearAudio,ClearSound H7,headphones,242.7,44.6,0.65,56.5,8.2,organic,No active event,Baseline category demand with no major trigger,neutral,Demand improving on carry-over visibility and healthy baseline signals,medium,organic_continuation
2025-04-11,101,SoundWave,SoundPods X3,earbuds,63.12,50.2,0.59,48.2,7.7,organic,No active event,Baseline category demand with no major trigger,neutral,Stable organic movement with minor day-to-day variation,low,organic_continuation
2025-04-11,201,NovaTech,NovaPhone S22,smartphones,462.8,40.9,0.54,53.0,5.8,organic,No active event,Baseline category demand with no major trigger,neutral,Stable organic movement with minor day-to-day variation,low,organic_continuation
2025-04-11,301,FitTech,FitPulse Watch,smartwatches,128.24,32.6,0.61,51.4,4.6,price_drop,Weekend Strap Bundle Offer,Bundle pricing improves perceived value,positive,Demand reacts faster than sentiment,medium,price_effect
2025-04-11,401,BoomAudio,BoomBox Mini,bluetooth_speakers,183.47,31.4,0.47,51.0,6.2,organic,No active event,Baseline category demand with no major trigger,neutral,Demand improving on carry-over visibility and healthy baseline signals,medium,organic_continuation
2025-04-11,501,PowerTech,PowerMax 20K,power_banks,71.29,26.4,0.53,53.1,1.8,organic,No active event,Baseline category demand with no major trigger,neutral,Stable organic movement with minor day-to-day variation,low,organic_continuation
2025-04-11,524,SlateTab,SlateMax 11,tablets,789.5,32.4,0.59,47.6,6.2,organic,No active event,Baseline category demand with no major trigger,neutral,Stable organic movement with minor day-to-day variation,low,organic_continuation
2025-04-11,601,ClearAudio,ClearSound H7,headphones,242.7,44.9,0.65,54.6,8.1,organic,No active event,Baseline category demand with no major trigger,neutral,Stable organic movement with minor day-to-day variation,low,organic_continuation
2025-04-12,101,SoundWave,SoundPods X3,earbuds,63.75,46.7,0.56,48.7,7.3,stock_issue,Warehouse Fulfillment Delay,Popular color variant sees short stock constraint,negative,Search stays warm but conversions soften due to availability,high,stock_drop
2025-04-12,201,NovaTech,NovaPhone S22,smartphones,462.8,40.0,0.53,52.8,5.6,organic,No active event,Baseline category demand with no major trigger,neutral,Stable organic movement with minor day-to-day variation,low,organic_continuation
2025-04-12,301,FitTech,FitPulse Watch,smartwatches,125.0,33.7,0.61,52.6,4.6,organic,No active event,Baseline category demand with no major trigger,neutral,Stable organic movement with minor day-to-day variation,low,organic_continuation
2025-04-12,401,BoomAudio,BoomBox Mini,bluetooth_speakers,183.36,32.0,0.47,49.7,5.7,organic,No active event,Baseline category demand with no major trigger,neutral,Stable organic movement with minor day-to-day variation,low,organic_continuation
2025-04-12,501,PowerTech,PowerMax 20K,power_banks,71.88,26.6,0.54,52.5,1.6,organic,No active event,Baseline category demand with no major trigger,neutral,Stable organic movement with minor day-to-day variation,low,organic_continuation
2025-04-12,524,SlateTab,SlateMax 11,tablets,797.39,29.5,0.57,47.4,5.6,stock_issue,High-Storage Variant Tightness,Higher storage variant sees limited availability,negative,Demand gets capped even as awareness stays steady,high,stock_drop
2025-04-12,601,ClearAudio,ClearSound H7,headphones,242.7,45.3,0.65,53.5,7.9,organic,No active event,Baseline category demand with no major trigger,neutral,Stable organic movement with minor day-to-day variation,low,organic_continuation
2025-04-13,101,SoundWave,SoundPods X3,earbuds,64.06,44.4,0.55,48.5,7.0,organic,No active event,Baseline category demand with no major trigger,neutral,Demand easing as prior momentum cools and baseline normalizes,medium,organic_continuation
2025-04-13,201,NovaTech,NovaPhone S22,smartphones,462.8,39.2,0.52,52.4,5.4,organic,No active event,Baseline category demand with no major trigger,neutral,Stable organic movement with minor day-to-day variation,low,organic_continuation
2025-04-13,301,FitTech,FitPulse Watch,smartwatches,125.0,34.0,0.6,52.7,4.3,organic,No active event,Baseline category demand with no major trigger,neutral,Stable organic movement with minor day-to-day variation,low,organic_continuation
2025-04-13,401,BoomAudio,BoomBox Mini,bluetooth_speakers,183.25,32.6,0.47,48.4,5.2,organic,No active event,Baseline category demand with no major trigger,neutral,Stable organic movement with minor day-to-day variation,low,organic_continuation
2025-04-13,501,PowerTech,PowerMax 20K,power_banks,72.4,28.5,0.54,56.3,3.7,ad_campaign,Backup Power Awareness Ads,Ads target commuters and travelers,positive,Awareness boost lifts search first then demand,medium,ad_boost
2025-04-13,524,SlateTab,SlateMax 11,tablets,801.23,28.0,0.56,46.7,5.3,organic,No active event,Baseline category demand with no major trigger,neutral,Demand easing as prior momentum cools and baseline normalizes,medium,organic_continuation
2025-04-13,601,ClearAudio,ClearSound H7,headphones,242.7,45.4,0.65,52.5,7.9,organic,No active event,Baseline category demand with no major trigger,neutral,Stable organic movement with minor day-to-day variation,low,organic_continuation
2025-04-14,101,SoundWave,SoundPods X3,earbuds,63.95,43.0,0.54,47.3,6.8,organic,No active event,Baseline category demand with no major trigger,neutral,Demand easing as prior momentum cools and baseline normalizes,low,organic_continuation
2025-04-14,201,NovaTech,NovaPhone S22,smartphones,462.8,40.1,0.52,55.8,7.4,ad_campaign,Exchange Bonus Campaign,Performance ads around phone exchange offer,positive,Ad intensity drives search and delayed demand lift,high,ad_boost
2025-04-14,301,FitTech,FitPulse Watch,smartwatches,126.28,33.0,0.6,50.9,4.0,organic,No active event,Baseline category demand with no major trigger,neutral,Stable organic movement with minor day-to-day variation,low,organic_continuation
2025-04-14,401,BoomAudio,BoomBox Mini,bluetooth_speakers,183.16,32.7,0.47,46.6,4.8,organic,No active event,Baseline category demand with no major trigger,neutral,Stable organic movement with minor day-to-day variation,low,organic_continuation
2025-04-14,501,PowerTech,PowerMax 20K,power_banks,72.86,31.4,0.55,57.3,4.9,organic,No active event,Baseline category demand with no major trigger,neutral,Demand improving on carry-over visibility and healthy baseline signals,medium,organic_continuation
2025-04-14,524,SlateTab,SlateMax 11,tablets,799.82,27.4,0.56,45.2,5.3,organic,No active event,Baseline category demand with no major trigger,neutral,Stable organic movement with minor day-to-day variation,low,organic_continuation
2025-04-14,601,ClearAudio,ClearSound H7,headphones,242.7,44.8,0.65,51.1,7.8,organic,No active event,Baseline category demand with no major trigger,neutral,Stable organic movement with minor day-to-day variation,low,organic_continuation
2025-04-15,101,SoundWave,SoundPods X3,earbuds,63.85,42.6,0.55,46.1,6.7,organic,No active event,Baseline category demand with no major trigger,neutral,Stable organic movement with minor day-to-day variation,low,organic_continuation
2025-04-15,201,NovaTech,NovaPhone S22,smartphones,462.8,42.2,0.52,57.0,8.4,organic,No active event,Baseline category demand with no major trigger,neutral,Demand improving on carry-over visibility and healthy baseline signals,medium,organic_continuation
2025-04-15,301,FitTech,FitPulse Watch,smartwatches,127.41,32.2,0.6,49.2,3.6,organic,No active event,Baseline category demand with no major trigger,neutral,Stable organic movement with minor day-to-day variation,low,organic_continuation
2025-04-15,401,BoomAudio,BoomBox Mini,bluetooth_speakers,183.08,32.7,0.48,44.9,4.5,organic,No active event,Baseline category demand with no major trigger,neutral,Stable organic movement with minor day-to-day variation,low,organic_continuation
2025-04-15,501,PowerTech,PowerMax 20K,power_banks,73.26,33.1,0.55,56.6,5.5,organic,No active event,Baseline category demand with no major trigger,neutral,Demand improving on carry-over visibility and healthy baseline signals,medium,organic_continuation
2025-04-15,524,SlateTab,SlateMax 11,tablets,798.58,27.7,0.57,44.0,5.3,organic,No active event,Baseline category demand with no major trigger,neutral,Stable organic movement with minor day-to-day variation,low,organic_continuation
2025-04-15,601,ClearAudio,ClearSound H7,headphones,242.7,45.0,0.68,51.5,7.7,review_spike,ANC Review Momentum,Positive review cycle around noise cancellation,positive,Sentiment strengthens mid-month consideration,medium,sentiment_boost
2025-04-16,101,SoundWave,SoundPods X3,earbuds,63.76,42.2,0.55,44.8,6.5,organic,No active event,Baseline category demand with no major trigger,neutral,Stable organic movement with minor day-to-day variation,low,organic_continuation
2025-04-16,201,NovaTech,NovaPhone S22,smartphones,462.8,43.4,0.52,56.3,8.6,organic,No active event,Baseline category demand with no major trigger,neutral,Stable organic movement with minor day-to-day variation,low,organic_continuation
2025-04-16,301,FitTech,FitPulse Watch,smartwatches,128.41,31.6,0.59,47.7,3.3,organic,No active event,Baseline category demand with no major trigger,neutral,Stable organic movement with minor day-to-day variation,low,organic_continuation
2025-04-16,401,BoomAudio,BoomBox Mini,bluetooth_speakers,183.01,32.7,0.48,43.4,4.1,organic,No active event,Baseline category demand with no major trigger,neutral,Stable organic movement with minor day-to-day variation,low,organic_continuation
2025-04-16,501,PowerTech,PowerMax 20K,power_banks,73.61,33.3,0.56,54.5,5.3,organic,No active event,Baseline category demand with no major trigger,neutral,Stable organic movement with minor day-to-day variation,low,organic_continuation
2025-04-16,524,SlateTab,SlateMax 11,tablets,797.49,27.8,0.57,43.0,5.4,organic,No active event,Baseline category demand with no major trigger,neutral,Stable organic movement with minor day-to-day variation,low,organic_continuation
2025-04-16,601,ClearAudio,ClearSound H7,headphones,242.7,45.5,0.69,51.5,7.7,organic,No active event,Baseline category demand with no major trigger,neutral,Stable organic movement with minor day-to-day variation,low,organic_continuation
2025-04-17,101,SoundWave,SoundPods X3,earbuds,63.68,41.7,0.55,43.6,6.2,organic,No active event,Baseline category demand with no major trigger,neutral,Stable organic movement with minor day-to-day variation,low,organic_continuation
2025-04-17,201,NovaTech,NovaPhone S22,smartphones,462.8,43.1,0.51,54.1,8.0,organic,No active event,Baseline category demand with no major trigger,neutral,Stable organic movement with minor day-to-day variation,low,organic_continuation
2025-04-17,301,FitTech,FitPulse Watch,smartwatches,129.28,31.1,0.59,46.3,3.0,organic,No active event,Baseline category demand with no major trigger,neutral,Stable organic movement with minor day-to-day variation,low,organic_continuation
2025-04-17,401,BoomAudio,BoomBox Mini,bluetooth_speakers,182.95,33.6,0.52,43.6,3.9,review_spike,Audio Quality Mentions Rise,Positive review burst on bass performance,positive,Sentiment repair helps demand recover,medium,sentiment_boost
2025-04-17,501,PowerTech,PowerMax 20K,power_banks,73.92,33.1,0.56,52.8,5.1,organic,No active event,Baseline category demand with no major trigger,neutral,Stable organic movement with minor day-to-day variation,low,organic_continuation
2025-04-17,524,SlateTab,SlateMax 11,tablets,796.53,27.6,0.58,42.3,5.5,organic,No active event,Baseline category demand with no major trigger,neutral,Stable organic movement with minor day-to-day variation,low,organic_continuation
2025-04-17,601,ClearAudio,ClearSound H7,headphones,242.7,45.4,0.69,51.2,7.6,organic,No active event,Baseline category demand with no major trigger,neutral,Stable organic movement with minor day-to-day variation,low,organic_continuation
2025-04-18,101,SoundWave,SoundPods X3,earbuds,63.61,42.3,0.58,43.9,5.9,review_spike,Creator Review Wave,Tech creators publish positive hands-on reviews,positive,Sentiment improvement supports conversion recovery,medium,sentiment_boost
2025-04-18,201,NovaTech,NovaPhone S22,smartphones,462.8,42.8,0.51,52.2,7.5,organic,No active event,Baseline category demand with no major trigger,neutral,Stable organic movement with minor day-to-day variation,low,organic_continuation
2025-04-18,301,FitTech,FitPulse Watch,smartwatches,130.05,30.7,0.6,45.1,2.8,organic,No active event,Baseline category demand with no major trigger,neutral,Stable organic movement with minor day-to-day variation,low,organic_continuation
2025-04-18,401,BoomAudio,BoomBox Mini,bluetooth_speakers,182.9,34.8,0.54,43.4,3.7,organic,No active event,Baseline category demand with no major trigger,neutral,Demand improving on carry-over visibility and healthy baseline signals,low,organic_continuation
2025-04-18,501,PowerTech,PowerMax 20K,power_banks,74.19,33.0,0.56,51.4,5.1,organic,No active event,Baseline category demand with no major trigger,neutral,Stable organic movement with minor day-to-day variation,low,organic_continuation
2025-04-18,524,SlateTab,SlateMax 11,tablets,760.0,29.7,0.59,44.3,5.9,price_drop,Tablet Weekend Cashback,Channel cashback lowers effective selling price,positive,Demand reacts strongly to lower effective price,high,price_effect
2025-04-18,601,ClearAudio,ClearSound H7,headphones,242.7,44.2,0.67,50.6,7.6,organic,No active event,Baseline category demand with no major trigger,neutral,Demand easing as prior momentum cools and baseline normalizes,low,organic_continuation
2025-04-19,101,SoundWave,SoundPods X3,earbuds,63.56,43.7,0.6,44.4,5.6,organic,No active event,Baseline category demand with no major trigger,neutral,Demand improving on carry-over visibility and healthy baseline signals,low,organic_continuation
2025-04-19,201,NovaTech,NovaPhone S22,smartphones,462.8,42.7,0.5,51.1,6.9,organic,No active event,Baseline category demand with no major trigger,neutral,Stable organic movement with minor day-to-day variation,low,organic_continuation
2025-04-19,301,FitTech,FitPulse Watch,smartwatches,130.73,30.6,0.6,44.7,2.5,organic,No active event,Baseline category demand with no major trigger,neutral,Stable organic movement with minor day-to-day variation,low,organic_continuation
2025-04-19,401,BoomAudio,BoomBox Mini,bluetooth_speakers,182.85,35.8,0.54,43.5,3.6,organic,No active event,Baseline category demand with no major trigger,neutral,Stable organic movement with minor day-to-day variation,low,organic_continuation
2025-04-19,501,PowerTech,PowerMax 20K,power_banks,75.18,29.8,0.54,51.6,4.6,stock_issue,Cable Pack Shortage,Bundle accessory shortage trims conversion rate,negative,Demand weakens despite healthy traffic,medium,stock_drop
2025-04-19,524,SlateTab,SlateMax 11,tablets,760.0,31.3,0.59,46.2,6.2,organic,No active event,Baseline category demand with no major trigger,neutral,Demand improving on carry-over visibility and healthy baseline signals,medium,organic_continuation
2025-04-19,601,ClearAudio,ClearSound H7,headphones,242.7,43.5,0.66,50.9,7.5,organic,No active event,Baseline category demand with no major trigger,neutral,Stable organic movement with minor day-to-day variation,low,organic_continuation
2025-04-20,101,SoundWave,SoundPods X3,earbuds,63.5,44.7,0.6,44.2,5.3,organic,No active event,Baseline category demand with no major trigger,neutral,Stable organic movement with minor day-to-day variation,low,organic_continuation
2025-04-20,201,NovaTech,NovaPhone S22,smartphones,462.8,42.6,0.5,50.3,6.3,organic,No active event,Baseline category demand with no major trigger,neutral,Stable organic movement with minor day-to-day variation,low,organic_continuation
2025-04-20,301,FitTech,FitPulse Watch,smartwatches,131.33,32.4,0.6,49.0,4.6,ad_campaign,Summer Fitness Push,Paid ads tie watch to fitness tracking theme,positive,Search acceleration feeds next-day demand,high,ad_boost
2025-04-20,401,BoomAudio,BoomBox Mini,bluetooth_speakers,182.81,35.4,0.54,43.1,3.5,organic,No active event,Baseline category demand with no major trigger,neutral,Stable organic movement with minor day-to-day variation,low,organic_continuation
2025-04-20,501,PowerTech,PowerMax 20K,power_banks,75.75,27.7,0.53,51.5,4.5,organic,No active event,Baseline category demand with no major trigger,neutral,Demand easing as prior momentum cools and baseline normalizes,medium,organic_continuation
2025-04-20,524,SlateTab,SlateMax 11,tablets,760.0,31.8,0.59,47.2,6.2,organic,No active event,Baseline category demand with no major trigger,neutral,Stable organic movement with minor day-to-day variation,low,organic_continuation
2025-04-20,601,ClearAudio,ClearSound H7,headphones,242.7,43.0,0.65,51.3,7.3,organic,No active event,Baseline category demand with no major trigger,neutral,Stable organic movement with minor day-to-day variation,low,organic_continuation
2025-04-21,101,SoundWave,SoundPods X3,earbuds,63.46,44.3,0.59,42.9,4.9,organic,No active event,Baseline category demand with no major trigger,neutral,Stable organic movement with minor day-to-day variation,low,organic_continuation
2025-04-21,201,NovaTech,NovaPhone S22,smartphones,462.8,42.3,0.5,49.0,5.8,organic,No active event,Baseline category demand with no major trigger,neutral,Stable organic movement with minor day-to-day variation,low,organic_continuation
2025-04-21,301,FitTech,FitPulse Watch,smartwatches,131.85,35.0,0.61,50.6,5.7,organic,No active event,Baseline category demand with no major trigger,neutral,Demand improving on carry-over visibility and healthy baseline signals,medium,organic_continuation
2025-04-21,401,BoomAudio,BoomBox Mini,bluetooth_speakers,182.77,34.6,0.53,42.3,3.5,organic,No active event,Baseline category demand with no major trigger,neutral,Stable organic movement with minor day-to-day variation,low,organic_continuation
2025-04-21,501,PowerTech,PowerMax 20K,power_banks,75.81,26.7,0.53,50.8,4.6,organic,No active event,Baseline category demand with no major trigger,neutral,Stable organic movement with minor day-to-day variation,low,organic_continuation
2025-04-21,524,SlateTab,SlateMax 11,tablets,763.54,31.0,0.59,46.7,6.3,organic,No active event,Baseline category demand with no major trigger,neutral,Stable organic movement with minor day-to-day variation,low,organic_continuation
2025-04-21,601,ClearAudio,ClearSound H7,headphones,229.35,44.8,0.65,53.7,7.4,price_drop,Headphone Cashback Window,Short cashback window improves value perception,positive,Demand rises through stronger conversion,high,price_effect
2025-04-22,101,SoundWave,SoundPods X3,earbuds,63.42,44.0,0.58,41.8,4.5,organic,No active event,Baseline category demand with no major trigger,neutral,Stable organic movement with minor day-to-day variation,low,organic_continuation
2025-04-22,201,NovaTech,NovaPhone S22,smartphones,467.43,38.9,0.48,48.7,5.0,stock_issue,Color Variant Backorder,Popular storage/color combo slips into backorder,negative,Demand softens despite decent awareness,high,stock_drop
2025-04-22,301,FitTech,FitPulse Watch,smartwatches,132.31,36.6,0.61,50.7,6.1,organic,No active event,Baseline category demand with no major trigger,neutral,Demand improving on carry-over visibility and healthy baseline signals,medium,organic_continuation
2025-04-22,401,BoomAudio,BoomBox Mini,bluetooth_speakers,182.74,33.7,0.53,41.9,3.6,organic,No active event,Baseline category demand with no major trigger,neutral,Stable organic movement with minor day-to-day variation,low,organic_continuation
2025-04-22,501,PowerTech,PowerMax 20K,power_banks,75.85,26.6,0.54,50.5,4.7,organic,No active event,Baseline category demand with no major trigger,neutral,Stable organic movement with minor day-to-day variation,low,organic_continuation
2025-04-22,524,SlateTab,SlateMax 11,tablets,766.66,30.4,0.58,46.4,6.3,organic,No active event,Baseline category demand with no major trigger,neutral,Stable organic movement with minor day-to-day variation,low,organic_continuation
2025-04-22,601,ClearAudio,ClearSound H7,headphones,225.0,46.1,0.64,55.3,7.4,organic,No active event,Baseline category demand with no major trigger,neutral,Demand improving on carry-over visibility and healthy baseline signals,low,organic_continuation
2025-04-23,101,SoundWave,SoundPods X3,earbuds,63.38,43.8,0.58,41.1,4.2,organic,No active event,Baseline category demand with no major trigger,neutral,Stable organic movement with minor day-to-day variation,low,organic_continuation
2025-04-23,201,NovaTech,NovaPhone S22,smartphones,469.67,37.0,0.47,48.2,4.4,organic,No active event,Baseline category demand with no major trigger,neutral,Demand easing as prior momentum cools and baseline normalizes,medium,organic_continuation
2025-04-23,301,FitTech,FitPulse Watch,smartwatches,132.72,36.4,0.62,49.5,5.8,organic,No active event,Baseline category demand with no major trigger,neutral,Stable organic movement with minor day-to-day variation,low,organic_continuation
2025-04-23,401,BoomAudio,BoomBox Mini,bluetooth_speakers,182.71,32.8,0.53,41.7,3.7,organic,No active event,Baseline category demand with no major trigger,neutral,Stable organic movement with minor day-to-day variation,low,organic_continuation
2025-04-23,501,PowerTech,PowerMax 20K,power_banks,75.9,26.5,0.54,50.4,4.9,organic,No active event,Baseline category demand with no major trigger,neutral,Stable organic movement with minor day-to-day variation,low,organic_continuation
2025-04-23,524,SlateTab,SlateMax 11,tablets,769.4,30.9,0.62,47.9,6.3,review_spike,Display Praise Trend,Review burst praises screen quality and battery,positive,Sentiment lift improves conversion quality,medium,sentiment_boost
2025-04-23,601,ClearAudio,ClearSound H7,headphones,225.0,46.6,0.63,56.1,7.1,organic,No active event,Baseline category demand with no major trigger,neutral,Stable organic movement with minor day-to-day variation,low,organic_continuation
2025-04-24,101,SoundWave,SoundPods X3,earbuds,63.35,43.6,0.57,40.7,3.8,organic,No active event,Baseline category demand with no major trigger,neutral,Stable organic movement with minor day-to-day variation,low,organic_continuation
2025-04-24,201,NovaTech,NovaPhone S22,smartphones,468.85,36.3,0.47,47.8,4.1,organic,No active event,Baseline category demand with no major trigger,neutral,Stable organic movement with minor day-to-day variation,low,organic_continuation
2025-04-24,301,FitTech,FitPulse Watch,smartwatches,133.08,36.0,0.62,48.7,5.6,organic,No active event,Baseline category demand with no major trigger,neutral,Stable organic movement with minor day-to-day variation,low,organic_continuation
2025-04-24,401,BoomAudio,BoomBox Mini,bluetooth_speakers,182.69,32.0,0.53,41.8,3.9,organic,No active event,Baseline category demand with no major trigger,neutral,Stable organic movement with minor day-to-day variation,low,organic_continuation
2025-04-24,501,PowerTech,PowerMax 20K,power_banks,75.93,27.4,0.58,52.1,5.1,review_spike,Battery Life Review Lift,Recent reviews praise fast charging consistency,positive,Sentiment improvement supports rebound,medium,sentiment_boost
2025-04-24,524,SlateTab,SlateMax 11,tablets,771.81,32.1,0.63,49.0,6.2,organic,No active event,Baseline category demand with no major trigger,neutral,Stable organic movement with minor day-to-day variation,low,organic_continuation
2025-04-24,601,ClearAudio,ClearSound H7,headphones,227.12,46.1,0.63,55.8,6.8,organic,No active event,Baseline category demand with no major trigger,neutral,Stable organic movement with minor day-to-day variation,low,organic_continuation
2025-04-25,101,SoundWave,SoundPods X3,earbuds,63.32,43.4,0.57,40.5,3.5,organic,No active event,Baseline category demand with no major trigger,neutral,Stable organic movement with minor day-to-day variation,low,organic_continuation
2025-04-25,201,NovaTech,NovaPhone S22,smartphones,468.12,36.5,0.48,47.7,3.9,organic,No active event,Baseline category demand with no major trigger,neutral,Stable organic movement with minor day-to-day variation,low,organic_continuation
2025-04-25,301,FitTech,FitPulse Watch,smartwatches,133.39,35.4,0.62,48.2,5.4,organic,No active event,Baseline category demand with no major trigger,neutral,Stable organic movement with minor day-to-day variation,low,organic_continuation
2025-04-25,401,BoomAudio,BoomBox Mini,bluetooth_speakers,172.62,33.7,0.53,44.5,4.3,price_drop,End-of-Month Speaker Discount,Temporary markdown to clear channel inventory,positive,Price cut materially lifts conversion,high,price_effect
2025-04-25,501,PowerTech,PowerMax 20K,power_banks,75.96,29.0,0.6,53.3,5.2,organic,No active event,Baseline category demand with no major trigger,neutral,Demand improving on carry-over visibility and healthy baseline signals,medium,organic_continuation
2025-04-25,524,SlateTab,SlateMax 11,tablets,773.93,32.9,0.62,49.5,6.1,organic,No active event,Baseline category demand with no major trigger,neutral,Stable organic movement with minor day-to-day variation,low,organic_continuation
2025-04-25,601,ClearAudio,ClearSound H7,headphones,228.99,45.8,0.62,55.7,6.4,organic,No active event,Baseline category demand with no major trigger,neutral,Stable organic movement with minor day-to-day variation,low,organic_continuation
2025-04-26,101,SoundWave,SoundPods X3,earbuds,59.82,46.1,0.57,43.6,3.5,price_drop,Month-End Earbuds Deal,Limited markdown ahead of payday weekend,positive,Lower price improves click-through and demand,high,price_effect
2025-04-26,201,NovaTech,NovaPhone S22,smartphones,467.48,36.7,0.49,48.4,3.7,organic,No active event,Baseline category demand with no major trigger,neutral,Stable organic movement with minor day-to-day variation,low,organic_continuation
2025-04-26,301,FitTech,FitPulse Watch,smartwatches,133.67,34.9,0.62,48.7,5.3,organic,No active event,Baseline category demand with no major trigger,neutral,Stable organic movement with minor day-to-day variation,low,organic_continuation
2025-04-26,401,BoomAudio,BoomBox Mini,bluetooth_speakers,170.0,35.2,0.53,47.0,4.7,organic,No active event,Baseline category demand with no major trigger,neutral,Demand improving on carry-over visibility and healthy baseline signals,low,organic_continuation
2025-04-26,501,PowerTech,PowerMax 20K,power_banks,75.99,30.3,0.6,54.5,5.3,organic,No active event,Baseline category demand with no major trigger,neutral,Demand improving on carry-over visibility and healthy baseline signals,low,organic_continuation
2025-04-26,524,SlateTab,SlateMax 11,tablets,775.8,32.9,0.61,50.0,6.0,organic,No active event,Baseline category demand with no major trigger,neutral,Stable organic movement with minor day-to-day variation,low,organic_continuation
2025-04-26,601,ClearAudio,ClearSound H7,headphones,230.64,46.0,0.61,56.2,6.1,organic,No active event,Baseline category demand with no major trigger,neutral,Stable organic movement with minor day-to-day variation,low,organic_continuation
2025-04-27,101,SoundWave,SoundPods X3,earbuds,57.5,47.9,0.58,45.8,3.4,organic,No active event,Baseline category demand with no major trigger,neutral,Demand improving on carry-over visibility and healthy baseline signals,medium,organic_continuation
2025-04-27,201,NovaTech,NovaPhone S22,smartphones,466.92,36.8,0.5,49.2,3.6,organic,No active event,Baseline category demand with no major trigger,neutral,Stable organic movement with minor day-to-day variation,low,organic_continuation
2025-04-27,301,FitTech,FitPulse Watch,smartwatches,135.25,31.3,0.6,49.8,4.9,stock_issue,Accessory Restock Delay,Strap accessory shortage slows conversion,negative,Demand eases while search stays fair,medium,stock_drop
2025-04-27,401,BoomAudio,BoomBox Mini,bluetooth_speakers,170.0,35.9,0.53,48.4,4.9,organic,No active event,Baseline category demand with no major trigger,neutral,Stable organic movement with minor day-to-day variation,low,organic_continuation
2025-04-27,501,PowerTech,PowerMax 20K,power_banks,76.02,30.4,0.59,55.1,5.4,organic,No active event,Baseline category demand with no major trigger,neutral,Stable organic movement with minor day-to-day variation,low,organic_continuation
2025-04-27,524,SlateTab,SlateMax 11,tablets,777.44,33.0,0.6,50.4,5.8,organic,No active event,Baseline category demand with no major trigger,neutral,Stable organic movement with minor day-to-day variation,low,organic_continuation
2025-04-27,601,ClearAudio,ClearSound H7,headphones,234.41,43.1,0.58,57.2,5.3,stock_issue,Retail Inventory Tightness,Offline and online stock turns tighter,negative,Demand slips despite good awareness,medium,stock_drop
2025-04-28,101,SoundWave,SoundPods X3,earbuds,56.43,48.4,0.58,46.7,3.2,organic,No active event,Baseline category demand with no major trigger,neutral,Stable organic movement with minor day-to-day variation,low,organic_continuation
2025-04-28,201,NovaTech,NovaPhone S22,smartphones,440.77,39.2,0.51,52.1,3.8,price_drop,Festive EMI Promo,Small effective price cut via EMI cashback,positive,Price-led pull revives end-month conversions,high,price_effect
2025-04-28,301,FitTech,FitPulse Watch,smartwatches,136.12,29.3,0.59,50.1,4.7,organic,No active event,Baseline category demand with no major trigger,neutral,Demand easing as prior momentum cools and baseline normalizes,medium,organic_continuation
2025-04-28,401,BoomAudio,BoomBox Mini,bluetooth_speakers,171.5,35.3,0.53,48.3,5.0,organic,No active event,Baseline category demand with no major trigger,neutral,Stable organic movement with minor day-to-day variation,low,organic_continuation
2025-04-28,501,PowerTech,PowerMax 20K,power_banks,76.04,30.6,0.58,55.2,5.5,organic,No active event,Baseline category demand with no major trigger,neutral,Stable organic movement with minor day-to-day variation,low,organic_continuation
2025-04-28,524,SlateTab,SlateMax 11,tablets,778.89,33.3,0.59,50.5,5.6,organic,No active event,Baseline category demand with no major trigger,neutral,Stable organic movement with minor day-to-day variation,low,organic_continuation
2025-04-28,601,ClearAudio,ClearSound H7,headphones,236.81,41.4,0.57,57.1,4.7,organic,No active event,Baseline category demand with no major trigger,neutral,Demand easing as prior momentum cools and baseline normalizes,medium,organic_continuation
2025-04-29,101,SoundWave,SoundPods X3,earbuds,57.23,47.6,0.58,46.6,3.0,organic,No active event,Baseline category demand with no major trigger,neutral,Stable organic movement with minor day-to-day variation,low,organic_continuation
2025-04-29,201,NovaTech,NovaPhone S22,smartphones,435.0,40.8,0.52,54.0,4.0,organic,No active event,Baseline category demand with no major trigger,neutral,Demand improving on carry-over visibility and healthy baseline signals,medium,organic_continuation
2025-04-29,301,FitTech,FitPulse Watch,smartwatches,136.07,28.6,0.59,50.2,4.8,organic,No active event,Baseline category demand with no major trigger,neutral,Stable organic movement with minor day-to-day variation,low,organic_continuation
2025-04-29,401,BoomAudio,BoomBox Mini,bluetooth_speakers,172.82,35.0,0.52,48.2,5.2,organic,No active event,Baseline category demand with no major trigger,neutral,Stable organic movement with minor day-to-day variation,low,organic_continuation
2025-04-29,501,PowerTech,PowerMax 20K,power_banks,76.06,32.9,0.57,59.7,7.7,ad_campaign,Long Weekend Utility Push,Short burst campaign ahead of long weekend travel,positive,Search and ad pressure feed late-month demand,medium,ad_boost
2025-04-29,524,SlateTab,SlateMax 11,tablets,780.16,35.5,0.58,55.0,7.5,ad_campaign,Exam Prep Tablet Ads,Short campaign timed to student purchase intent,positive,Search gets a fresh late-month bump,medium,ad_boost
2025-04-29,601,ClearAudio,ClearSound H7,headphones,237.52,40.9,0.57,56.7,4.3,organic,No active event,Baseline category demand with no major trigger,neutral,Stable organic movement with minor day-to-day variation,low,organic_continuation
2025-04-30,101,SoundWave,SoundPods X3,earbuds,57.94,46.7,0.58,46.7,2.9,organic,No active event,Baseline category demand with no major trigger,neutral,Stable organic movement with minor day-to-day variation,low,organic_continuation
2025-04-30,201,NovaTech,NovaPhone S22,smartphones,435.0,41.4,0.53,55.0,4.0,organic,No active event,Baseline category demand with no major trigger,neutral,Stable organic movement with minor day-to-day variation,low,organic_continuation
2025-04-30,301,FitTech,FitPulse Watch,smartwatches,136.02,29.0,0.6,50.4,4.9,organic,No active event,Baseline category demand with no major trigger,neutral,Stable organic movement with minor day-to-day variation,low,organic_continuation
2025-04-30,401,BoomAudio,BoomBox Mini,bluetooth_speakers,173.98,34.9,0.52,48.2,5.3,organic,No active event,Baseline category demand with no major trigger,neutral,Stable organic movement with minor day-to-day variation,low,organic_continuation
2025-04-30,501,PowerTech,PowerMax 20K,power_banks,76.08,36.2,0.58,62.0,8.0,organic,No active event,Baseline category demand with no major trigger,neutral,Demand improving on carry-over visibility and healthy baseline signals,medium,organic_continuation
2025-04-30,524,SlateTab,SlateMax 11,tablets,781.28,38.5,0.58,57.0,8.4,organic,No active event,Baseline category demand with no major trigger,neutral,Demand improving on carry-over visibility and healthy baseline signals,medium,organic_continuation
2025-04-30,601,ClearAudio,ClearSound H7,headphones,238.14,41.2,0.57,56.1,3.9,organic,No active event,Baseline category demand with no major trigger,neutral,Stable organic movement with minor day-to-day variation,low,organic_continuation
